<?xml version="1.0" encoding="UTF-8"?><InteractionHistory Id="activity" Version="1"><InteractionEvent Delta="started" EndDate="2011-12-02 18:29:27.865 JST" Interest="1.0" Kind="attention" Navigation="" OriginId="org.eclipse.ui.workbench" StartDate="2011-12-02 18:29:27.865 JST" StructureHandle="org.eclipse.platform.ide" StructureKind="lifecycle"/><InteractionEvent Delta="stopped" EndDate="2011-12-02 18:29:38.840 JST" Interest="1.0" Kind="attention" Navigation="" OriginId="org.eclipse.ui.workbench" StartDate="2011-12-02 18:29:38.840 JST" StructureHandle="org.eclipse.platform.ide" StructureKind="lifecycle"/><InteractionEvent Delta="started" EndDate="2011-12-02 18:29:47.123 JST" Interest="1.0" Kind="attention" Navigation="" OriginId="org.eclipse.ui.workbench" StartDate="2011-12-02 18:29:47.123 JST" StructureHandle="org.eclipse.platform.ide" StructureKind="lifecycle"/><InteractionEvent Delta="stopped" EndDate="2011-12-02 18:29:51.783 JST" Interest="1.0" Kind="attention" Navigation="" OriginId="org.eclipse.ui.workbench" StartDate="2011-12-02 18:29:51.783 JST" StructureHandle="org.eclipse.platform.ide" StructureKind="lifecycle"/><InteractionEvent Delta="started" EndDate="2011-12-02 18:30:32.119 JST" Interest="1.0" Kind="attention" Navigation="" OriginId="org.eclipse.ui.workbench" StartDate="2011-12-02 18:30:32.119 JST" StructureHandle="org.eclipse.platform.ide" StructureKind="lifecycle"/><InteractionEvent Delta="stopped" EndDate="2011-12-02 20:09:52.723 JST" Interest="1.0" Kind="attention" Navigation="" OriginId="org.eclipse.ui.workbench" StartDate="2011-12-02 20:09:52.723 JST" StructureHandle="org.eclipse.platform.ide" StructureKind="lifecycle"/><InteractionEvent Delta="started" EndDate="2011-12-03 14:06:28.80 JST" Interest="1.0" Kind="attention" Navigation="" OriginId="org.eclipse.ui.workbench" StartDate="2011-12-03 14:06:28.80 JST" StructureHandle="org.eclipse.platform.ide" StructureKind="lifecycle"/><InteractionEvent Delta="stopped" EndDate="2011-12-03 15:50:15.685 JST" Interest="1.0" Kind="attention" Navigation="" OriginId="org.eclipse.ui.workbench" StartDate="2011-12-03 15:50:15.685 JST" StructureHandle="org.eclipse.platform.ide" StructureKind="lifecycle"/><InteractionEvent Delta="started" EndDate="2011-12-03 15:51:40.396 JST" Interest="1.0" Kind="attention" Navigation="" OriginId="org.eclipse.ui.workbench" StartDate="2011-12-03 15:51:40.396 JST" StructureHandle="org.eclipse.platform.ide" StructureKind="lifecycle"/><InteractionEvent Delta="started" EndDate="2011-12-03 22:07:53.537 JST" Interest="1.0" Kind="attention" Navigation="" OriginId="org.eclipse.ui.workbench" StartDate="2011-12-03 22:07:53.536 JST" StructureHandle="org.eclipse.platform.ide" StructureKind="lifecycle"/><InteractionEvent Delta="started" EndDate="2011-12-06 17:06:29.399 JST" Interest="1.0" Kind="attention" Navigation="" OriginId="org.eclipse.ui.workbench" StartDate="2011-12-06 17:06:29.399 JST" StructureHandle="org.eclipse.platform.ide" StructureKind="lifecycle"/><InteractionEvent Delta="stopped" EndDate="2011-12-06 17:41:14.310 JST" Interest="1.0" Kind="attention" Navigation="" OriginId="org.eclipse.ui.workbench" StartDate="2011-12-06 17:41:14.310 JST" StructureHandle="org.eclipse.platform.ide" StructureKind="lifecycle"/><InteractionEvent Delta="started" EndDate="2011-12-06 17:41:23.135 JST" Interest="1.0" Kind="attention" Navigation="" OriginId="org.eclipse.ui.workbench" StartDate="2011-12-06 17:41:23.135 JST" StructureHandle="org.eclipse.platform.ide" StructureKind="lifecycle"/><InteractionEvent Delta="stopped" EndDate="2011-12-06 20:03:16.240 JST" Interest="1.0" Kind="attention" Navigation="" OriginId="org.eclipse.ui.workbench" StartDate="2011-12-06 20:03:16.240 JST" StructureHandle="org.eclipse.platform.ide" StructureKind="lifecycle"/><InteractionEvent Delta="started" EndDate="2011-12-06 20:59:48.460 JST" Interest="1.0" Kind="attention" Navigation="" OriginId="org.eclipse.ui.workbench" StartDate="2011-12-06 20:59:48.460 JST" StructureHandle="org.eclipse.platform.ide" StructureKind="lifecycle"/><InteractionEvent Delta="started" EndDate="2011-12-07 20:05:45.218 JST" Interest="1.0" Kind="attention" Navigation="" OriginId="org.eclipse.ui.workbench" StartDate="2011-12-07 20:05:45.218 JST" StructureHandle="org.eclipse.platform.ide" StructureKind="lifecycle"/><InteractionEvent Delta="stopped" EndDate="2011-12-07 23:28:38.736 JST" Interest="1.0" Kind="attention" Navigation="" OriginId="org.eclipse.ui.workbench" StartDate="2011-12-07 23:28:38.736 JST" StructureHandle="org.eclipse.platform.ide" StructureKind="lifecycle"/><InteractionEvent Delta="started" EndDate="2011-12-08 16:40:01.56 JST" Interest="1.0" Kind="attention" Navigation="" OriginId="org.eclipse.ui.workbench" StartDate="2011-12-08 16:40:01.56 JST" StructureHandle="org.eclipse.platform.ide" StructureKind="lifecycle"/><InteractionEvent Delta="stopped" EndDate="2011-12-09 17:42:56.556 JST" Interest="1.0" Kind="attention" Navigation="" OriginId="org.eclipse.ui.workbench" StartDate="2011-12-09 17:42:56.556 JST" StructureHandle="org.eclipse.platform.ide" StructureKind="lifecycle"/><InteractionEvent Delta="started" EndDate="2011-12-13 19:20:39.675 JST" Interest="1.0" Kind="attention" Navigation="" OriginId="org.eclipse.ui.workbench" StartDate="2011-12-13 19:20:39.675 JST" StructureHandle="org.eclipse.platform.ide" StructureKind="lifecycle"/><InteractionEvent Delta="started" EndDate="2011-12-13 23:38:32.273 JST" Interest="1.0" Kind="attention" Navigation="" OriginId="org.eclipse.ui.workbench" StartDate="2011-12-13 23:38:32.273 JST" StructureHandle="org.eclipse.platform.ide" StructureKind="lifecycle"/><InteractionEvent Delta="stopped" EndDate="2011-12-14 13:35:28.337 JST" Interest="1.0" Kind="attention" Navigation="" OriginId="org.eclipse.ui.workbench" StartDate="2011-12-14 13:35:28.337 JST" StructureHandle="org.eclipse.platform.ide" StructureKind="lifecycle"/><InteractionEvent Delta="started" EndDate="2012-01-16 17:55:13.559 JST" Interest="1.0" Kind="attention" Navigation="" OriginId="org.eclipse.ui.workbench" StartDate="2012-01-16 17:55:13.559 JST" StructureHandle="org.eclipse.platform.ide" StructureKind="lifecycle"/><InteractionEvent Delta="started" EndDate="2012-01-17 14:23:46.744 JST" Interest="1.0" Kind="attention" Navigation="" OriginId="org.eclipse.ui.workbench" StartDate="2012-01-17 14:23:46.744 JST" StructureHandle="org.eclipse.platform.ide" StructureKind="lifecycle"/><InteractionEvent Delta="started" EndDate="2012-01-17 14:29:24.912 JST" Interest="1.0" Kind="attention" Navigation="" OriginId="org.eclipse.ui.workbench" StartDate="2012-01-17 14:29:24.912 JST" StructureHandle="org.eclipse.platform.ide" StructureKind="lifecycle"/><InteractionEvent Delta="started" EndDate="2012-01-17 15:54:09.329 JST" Interest="1.0" Kind="attention" Navigation="" OriginId="org.eclipse.ui.workbench" StartDate="2012-01-17 15:54:09.329 JST" StructureHandle="org.eclipse.platform.ide" StructureKind="lifecycle"/><InteractionEvent Delta="stopped" EndDate="2012-01-17 15:57:09.831 JST" Interest="1.0" Kind="attention" Navigation="" OriginId="org.eclipse.ui.workbench" StartDate="2012-01-17 15:57:09.831 JST" StructureHandle="org.eclipse.platform.ide" StructureKind="lifecycle"/><InteractionEvent Delta="started" EndDate="2012-01-17 19:11:18.442 JST" Interest="1.0" Kind="attention" Navigation="" OriginId="org.eclipse.ui.workbench" StartDate="2012-01-17 19:11:18.442 JST" StructureHandle="org.eclipse.platform.ide" StructureKind="lifecycle"/><InteractionEvent Delta="stopped" EndDate="2012-01-17 19:13:28.69 JST" Interest="1.0" Kind="attention" Navigation="" OriginId="org.eclipse.ui.workbench" StartDate="2012-01-17 19:13:28.69 JST" StructureHandle="org.eclipse.platform.ide" StructureKind="lifecycle"/><InteractionEvent Delta="started" EndDate="2012-01-17 19:18:13.200 JST" Interest="1.0" Kind="attention" Navigation="" OriginId="org.eclipse.ui.workbench" StartDate="2012-01-17 19:18:13.200 JST" StructureHandle="org.eclipse.platform.ide" StructureKind="lifecycle"/><InteractionEvent Delta="stopped" EndDate="2012-01-17 19:39:00.723 JST" Interest="1.0" Kind="attention" Navigation="" OriginId="org.eclipse.ui.workbench" StartDate="2012-01-17 19:39:00.723 JST" StructureHandle="org.eclipse.platform.ide" StructureKind="lifecycle"/><InteractionEvent Delta="started" EndDate="2012-01-17 19:39:11.708 JST" Interest="1.0" Kind="attention" Navigation="" OriginId="org.eclipse.ui.workbench" StartDate="2012-01-17 19:39:11.708 JST" StructureHandle="org.eclipse.platform.ide" StructureKind="lifecycle"/><InteractionEvent Delta="stopped" EndDate="2012-01-17 19:40:22.717 JST" Interest="1.0" Kind="attention" Navigation="" OriginId="org.eclipse.ui.workbench" StartDate="2012-01-17 19:40:22.717 JST" StructureHandle="org.eclipse.platform.ide" StructureKind="lifecycle"/><InteractionEvent Delta="started" EndDate="2012-01-17 19:40:33.4 JST" Interest="1.0" Kind="attention" Navigation="" OriginId="org.eclipse.ui.workbench" StartDate="2012-01-17 19:40:33.4 JST" StructureHandle="org.eclipse.platform.ide" StructureKind="lifecycle"/><InteractionEvent Delta="stopped" EndDate="2012-01-17 19:42:58.955 JST" Interest="1.0" Kind="attention" Navigation="" OriginId="org.eclipse.ui.workbench" StartDate="2012-01-17 19:42:58.955 JST" StructureHandle="org.eclipse.platform.ide" StructureKind="lifecycle"/><InteractionEvent Delta="started" EndDate="2012-01-17 19:47:25.413 JST" Interest="1.0" Kind="attention" Navigation="" OriginId="org.eclipse.ui.workbench" StartDate="2012-01-17 19:47:25.413 JST" StructureHandle="org.eclipse.platform.ide" StructureKind="lifecycle"/><InteractionEvent Delta="stopped" EndDate="2012-01-18 00:08:16.66 JST" Interest="1.0" Kind="attention" Navigation="" OriginId="org.eclipse.ui.workbench" StartDate="2012-01-18 00:08:16.66 JST" StructureHandle="org.eclipse.platform.ide" StructureKind="lifecycle"/><InteractionEvent Delta="started" EndDate="2012-02-08 00:59:46.189 JST" Interest="1.0" Kind="attention" Navigation="" OriginId="org.eclipse.ui.workbench" StartDate="2012-02-08 00:59:46.189 JST" StructureHandle="org.eclipse.platform.ide" StructureKind="lifecycle"/><InteractionEvent Delta="started" EndDate="2012-02-15 15:39:25.407 JST" Interest="1.0" Kind="attention" Navigation="" OriginId="org.eclipse.ui.workbench" StartDate="2012-02-15 15:39:25.407 JST" StructureHandle="org.eclipse.platform.ide" StructureKind="lifecycle"/><InteractionEvent Delta="started" EndDate="2012-02-15 16:56:14.471 JST" Interest="1.0" Kind="attention" Navigation="" OriginId="org.eclipse.ui.workbench" StartDate="2012-02-15 16:56:14.471 JST" StructureHandle="org.eclipse.platform.ide" StructureKind="lifecycle"/></InteractionHistory>